'1963-1984/VTS_01_0.m4v',
'1963-1984/VTS_01_1.m4v',
'1963-1984/VTS_01_2.m4v',
'1963-1984/VTS_01_3.m4v',
'1999 part 1/VTS_01_3.m4v',
'1999 part 1/VTS_01_2.m4v',
'1999 part 1/VTS_01_1.m4v',
'1999 part 1/VTS_01_4.m4v',
'1999 part 2/VTS_01_5.m4v',
'1999 part 2/VTS_01_4.m4v',
'1999 part 2/VTS_01_3.m4v',
'1999 part 2/VTS_01_2.m4v',
'1999 part 2/VTS_01_1.m4v',
'1999 part 2/VTS_01_1 (copy).m4v',
'2000/VTS_01_2.m4v',
'2000/VTS_01_1.m4v',
'2000/VTS_01_3.m4v',
'2000/VTS_01_4.m4v',
'2000/VTS_01_5.m4v',
'2003/VTS_01_1.m4v',
'abril 2003/VTS_01_3.m4v',
'abril 2003/VTS_01_4.m4v',
'abril 2003/VTS_01_1.m4v',
'abril 2003/VTS_01_5.m4v',
'abril 2003/VTS_01_2.m4v',
'avril 2004/VTS_01_3.m4v',
'avril 2004/VTS_01_1.m4v',
'avril 2004/VTS_01_0.m4v',
'avril 2004/VTS_01_2.m4v',
'avril 2008/VTS_01_1.m4v',
'avril 2008/VTS_01_2.m4v',
'concert 2006/VTS_01_3.m4v',
'concert 2006/dance.mp4',
'concert 2006/VTS_01_4.m4v',
'concert 2006/sara.mp4',
'concert 2006/VTS_01_2.m4v',
'concert 2006/VTS_01_1.m4v',
'dec 2007/VTS_01_3.m4v',
'dec 2007/VTS_01_1.m4v',
'dec 2007/VTS_01_2.m4v',
'jan 2005/Brand Witlock 56_NEW.m4v',
'mai 2004/VTS_01_2.m4v',
'mai 2004/VTS_01_1.m4v',
'mai 2004/VTS_01_4.m4v',
'mai 2004/VTS_01_3.m4v',
'mai 2004/VTS_01_5.m4v',
'natal 2003 part 2/VTS_01_2.m4v',
'natal 2003 part 2/VTS_01_4.m4v',
'natal 2003 part 2/VTS_01_3.m4v',
'natal 2003 part 2/VTS_01_5.m4v',
'natal 2003 part 2/VTS_01_1.m4v',
'verao 2004/VTS_01_2.m4v',
'verao 2004/VTS_01_1.m4v',
'verao 2004/VTS_01_3.m4v',
'verao 2004/VTS_01_0.m4v',
'verao 2004/VTS_01_4.m4v',
'verao 2004/VTS_01_5.m4v',
'verao 2005/VTS_01_2.m4v',
'verao 2005/VTS_01_4.m4v',
'verao 2005/VTS_01_5.m4v',
'verao 2005/VTS_01_1.m4v',
'verao 2005/VTS_01_3.m4v',
'verao 2006 part 1/VTS_01_4.m4v',
'verao 2006 part 1/VTS_01_3.m4v',
'verao 2006 part 1/VTS_01_1.m4v',
'verao 2006 part 1/VTS_01_2.m4v',
'verao 2006 part 2/VTS_01_2.m4v',
'verao 2006 part 2/VTS_01_1 (1).m4v',
'huh.mp4',
'2008/VTS_01_1.mp4',
'2008/VTS_01_2.mp4',
'2008/VTS_01_1 natal.mp4',
'2008/VTS_01_2 natal.mp4
